{
  "classes":11,
  "label2train":[
    [0, 255],
    [1, 0],
    [2, 255],
    [3, 255],
    [4, 1],
    [5, 2],
    [6, 2],
    [7, 2],
    [8, 255],
    [9, 255],
    [10, 255],
    [11, 255],
    [12, 3],
    [13, 255],
    [14, 4],
    [15, 5],
    [16, 255],
    [17, 255],
    [18, 6],
    [19, 7],
    [20, 8],
    [21, 255],
    [22, 9],
    [23, 255],
    [24, 10],
    [25, 255],
    [-1, 255]],
  "label":[
    "car",
    "bicycle",
    "person",
    "pole",
    "traffic light",
    "traffic sign",
    "sky",
    "road",
    "sidewalk",
    "vegetation"],
  "palette":[
    [0,0,142],
    [119,11,32],
    [220,20,60],
    [70,70,70],
    [250,170,30],
    [220,220,0],
    [70,130,180],
    [128,64,128],
    [244,35,232],
    [35,142,35],
    [152,251,152]],
  "mean":[
    73.158359210711552,
    82.908917542625858,
    72.392398761941593],
  "std":[
    47.675755341814678,
    48.494214368814916,
    47.736546325441594]
}
